"Tipo","SKU","¿Existencias?","Inventario","Precio normal","Porcentajede descuento","precio con descuento","Categorías","Etiquetas","Valor(es) del atributo 1","Valor(es) del atributo 2","Valor(es) del atributo 3","Valor(es) del atributo 4","Valor(es) del atributo 5","Valor(es) del atributo 6","Valor(es) del atributo 7","Valor(es) del atributo 8","Valor(es) del atributo 9","Valor(es) del atributo 10","Valor(es) del atributo 11","Valor(es) del atributo 12","Valor(es) del atributo 13","IMAGEN 1","IMAGEN 2","IMAGEN 3"
"De Marca","A0M0130","1","1","$4,500.00","30%","$3,150.00","DE MARCA","Lente oftálmico","A0M0130","ADIDAS","Lente oftálmico","Plateado","Lente Redondo","Metal","Metal","Sin clip","Transparente","Mediano","Hidrogel de tornillo","Lente, paño, estuche y líquido antirreflejante","30 días de garantía contra defectos de fábrica.","","",""
"De Marca","VAE.23010","1","1","$2,100.00","15%","$1,785.00","DE MARCA","Lente oftálmico","VAE.23010","AÉROPOSTALE","Lente oftálmico","Rosa","Redondo","Acetato","Acetato","Sin clip","Transparente","Mediano","Puente anatomico","Lente, paño, estuche y líquido antirreflejante","30 días de garantía contra defectos de fábrica.","","",""
"De Marca","VAE.AE013","1","1","$2,100.00","15%","$1,785.00","DE MARCA","Lente oftálmico","VAE.AE013","AÉROPOSTALE","Lente oftálmico","Plateado con contorno negro","obalado con esquinas amplias","Metalico","Metalicas","Sin clip","Transparente","Mediano","Hidrogel de tornillo","Lente, paño, estuche y líquido antirreflejante","30 días de garantía contra defectos de fábrica.","","",""
"De Marca","VAE.AE012","1","1","$2,100.00","15%","$1,785.00","DE MARCA","Lente oftálmico","VAE.AE012","AÉROPOSTALE","Lente oftálmico","Plateado con contorno negro","Redondo","Metalico","Metalicas","Sin clip","Transparente","Mediano","Hidrogel de tornillo","Lente, paño, estuche y líquido antirreflejante","30 días de garantía contra defectos de fábrica.","","",""
"De Marca","VAE.0AOP8","1","1","$2,100.00","15%","$1,785.00","DE MARCA","Lente oftálmico","VAE.0AOP8","AÉROPOSTALE","Lente oftálmico","Negro","redondo","Acetato","Acetato","Sin clip","Transparente","Mediano","Puente anatomico","Lente, paño, estuche y líquido antirreflejante","30 días de garantía contra defectos de fábrica.","","",""
"De Marca","VBI 31063","1","1","$2,800.00","15%","$2,380.00","DE MARCA","CON CLIP","VBI 31063","BELIEVE","CON CLIP","Negro","Rectangular","Titaneo","Titaneo","CON CLIP","Transparente","Mediano","Hidrogel de tornillo","Lente, paño, estuche y líquido antirreflejante","30 días de garantía contra defectos de fábrica.","","",""
"De Marca","VBI 31770","1","1","$2,800.00","15%","$2,380.00","DE MARCA","CON CLIP","VBI 31770","BELIEVE","CON CLIP","","","","","CON CLIP","Transparente","Mediano","","Lente, paño, estuche y líquido antirreflejante","30 días de garantía contra defectos de fábrica.","","",""
"De Marca","VBI 31621","1","1","$2,800.00","15%","$2,380.00","DE MARCA","CON CLIP","VBI 31621","BELIEVE","CON CLIP","Vino","Rectangular","Titaneo","Titaneo","CON CLIP","Transparente","Mediano","Puente anatomico","Lente, paño, estuche y líquido antirreflejante","30 días de garantía contra defectos de fábrica.","","",""
"De Marca","VBI 31352","1","1","$2,800.00","15%","$2,380.00","DE MARCA","CON CLIP","VBI 31352","BELIEVE","CON CLIP","Negro con cafe","Ovalado","Titaneo","Titaneo","CON CLIP","Transparente","Mediano","Puente anatomico","Lente, paño, estuche y líquido antirreflejante","30 días de garantía contra defectos de fábrica.","","",""
"De Marca","VBI 31225","4","4","$2,800.00","15%","$2,380.00","DE MARCA","CON CLIP","VBI 31225","BELIEVE","CON CLIP","Negro","Cuadrado","Titaneo","Titaneo","CON CLIP","Transparente","Mediano","Puente anatomico","Lente, paño, estuche y líquido antirreflejante","30 días de garantía contra defectos de fábrica.","","",""
"De Marca","VBI 31175","3","3","$2,800.00","15%","$2,380.00","DE MARCA","CON CLIP","VBI 31175","BELIEVE","CON CLIP","Negro/ Cafe ","Rectangular","Titaneo","Titaneo","CON CLIP","Transparente","Mediano","Puente anatomico","Lente, paño, estuche y líquido antirreflejante","30 días de garantía contra defectos de fábrica.","","",""
"De Marca","VBI 31229","3","3","$2,800.00","15%","$2,380.00","DE MARCA","CON CLIP","VBI 31229","BELIEVE","CON CLIP","Azul con naranja","Rectangular","Titaneo","Titaneo","CON CLIP","Transparente","Mediano","Hidrogel de tornillo","Lente, paño, estuche y líquido antirreflejante","30 días de garantía contra defectos de fábrica.","","",""
"De Marca","VBI 31338","1","1","$2,800.00","15%","$2,380.00","DE MARCA","CON CLIP","VBI 31338","BELIEVE","CON CLIP","Cafe","Rectangular","Titaneo","Titaneo","CON CLIP","Transparente","Mediano","Hidrogel de tornillo","Lente, paño, estuche y líquido antirreflejante","30 días de garantía contra defectos de fábrica.","","",""
"De Marca","VBI 31362","1","1","$2,800.00","15%","$2,380.00","DE MARCA","CON CLIP","VBI 31362","BELIEVE","CON CLIP","Morado con negro","Circular","Titaneo","Titaneo","CON CLIP","Transparente","Mediano","Puente anatomico","Lente, paño, estuche y líquido antirreflejante","30 días de garantía contra defectos de fábrica.","","",""
"De Marca","VLE 4165C","2","2","$3,800.00","15%","$3,230.00","DE MARCA","CON CLIP","VLE 4165C","CLOE","CON CLIP","Plata","Circular","Metalico","Metalico con acetato","CON CLIP","Transparente","Mediano","Hidrogel de tornilloh","Lente, paño, estuche y líquido antirreflejante","30 días de garantía contra defectos de fábrica.","","",""
"De Marca","VLE 32265","1","1","$3,800.00","15%","$3,230.00","DE MARCA","Lente oftálmico","VLE 32265","CLOE","Lente oftálmico","Negro","cuadrado","metalico con contornos de acetato","metalicas","Sin clip","Transparente","Mediano","hidrogel de tornillo","Lente, paño, estuche y líquido antirreflejante","30 días de garantía contra defectos de fábrica.","","",""
"De Marca","VLE 41684","1","1","$3,600.00","15%","$3,060.00","DE MARCA","Lente oftálmico","VLE 41684","CLOE","Lente oftálmico","Transparente","Agatada","Acetato","Acetato con metal","Sin clip","Transparente","Mediano","puente anatomico","Lente, paño, estuche y líquido antirreflejante","30 días de garantía contra defectos de fábrica.","https://opticaskairoz.com.mx/wp-content/uploads/2025/07/CLOE-VLE.41684.-1_resultado-1.webp","https://opticaskairoz.com.mx/wp-content/uploads/2025/07/CLOE-VLE.41684.-3_resultado-1.webp","https://opticaskairoz.com.mx/wp-content/uploads/2025/07/CLOE-VLE.41684.-3_resultado-1.webp"
"De Marca","VLE.40733","1","1","$3,800.00","15%","$3,230.00","DE MARCA","CON CLIP","VLE.40733","CLOE","CON CLIP","Cafe","Agatada","Acetato","Metalico con acetato","CON CLIP","Transparente","Mediano","Puente anatomico","Lente, paño, estuche y líquido antirreflejante","30 días de garantía contra defectos de fábrica.","https://opticaskairoz.com.mx/wp-content/uploads/2025/07/CLOE-VLE.40733.-1_resultado-1.webp","https://opticaskairoz.com.mx/wp-content/uploads/2025/07/CLOE-VLE.40733.-2_resultado-1.webp","https://opticaskairoz.com.mx/wp-content/uploads/2025/07/CLOE-VLE.40733.-3_resultado-1.webp"
"De Marca","VLE.51433","1","1","$3,800.00","15%","$3,230.00","DE MARCA","CON CLIP","VLE.51433","CLOE","CON CLIP","Cobre","Aviador corto","Metalico","Metalico con acetato","CON CLIP","Transparente","Mediano","Puente anatomico","Lente, paño, estuche y líquido antirreflejante","30 días de garantía contra defectos de fábrica.","https://opticaskairoz.com.mx/wp-content/uploads/2025/07/CLOE-VLE.51433.-1_resultado-1.webp","https://opticaskairoz.com.mx/wp-content/uploads/2025/07/CLOE-VLE.51433.-2_resultado-1.webp","https://opticaskairoz.com.mx/wp-content/uploads/2025/07/CLOE-VLE.51433.-3_resultado-1.webp"
"De Marca","VLE.51439","1","1","$3,800.00","15%","$3,230.00","DE MARCA","CON CLIP","VLE.51439","CLOE","CON CLIP","Azul marino","Hexagonal","Acetato","Metalico con acetato","CON CLIP","Transparente","Mediano","Puente anatomico","Lente, paño, estuche y líquido antirreflejante","30 días de garantía contra defectos de fábrica.","https://opticaskairoz.com.mx/wp-content/uploads/2025/07/CLOE-VLE.51439.-1_resultado.webp","https://opticaskairoz.com.mx/wp-content/uploads/2025/07/CLOE-VLE.51439.-2_resultado.webp","https://opticaskairoz.com.mx/wp-content/uploads/2025/07/CLOE-VLE.51439.-3_resultado.webp"
"De Marca","VLE.51441","1","1","$3,800.00","15%","$3,230.00","DE MARCA","CON CLIP","VLE.51441","CLOE","CON CLIP","Morado","Agatada","Acetatoo","Metalico con acetato","CON CLIP","Transparente","Mediano","Hidrogel de tornillo","Lente, paño, estuche y líquido antirreflejante","30 días de garantía contra defectos de fábrica.","https://opticaskairoz.com.mx/wp-content/uploads/2025/07/CLOE-VLE.51441.-1_resultado.webp","https://opticaskairoz.com.mx/wp-content/uploads/2025/07/CLOE-VLE.51441.-2_resultado.webp","https://opticaskairoz.com.mx/wp-content/uploads/2025/07/CLOE-VLE.51441.-3_resultado.webp"
"De Marca","VLE.40737","1","1","$3,800.00","15%","$3,230.00","DE MARCA","Lente oftálmico","VLE.40737","CLOE","Lente oftálmico","Cafe","Agatada","Acetato","Acetato","Sin clip","Transparente","Mediano","Puente anatomico","Lente, paño, estuche y líquido antirreflejante","30 días de garantía contra defectos de fábrica.","https://opticaskairoz.com.mx/wp-content/uploads/2025/07/CLOE-VLE.40737.-1_resultado.webp","https://opticaskairoz.com.mx/wp-content/uploads/2025/07/CLOE-VLE.40737.-2_resultado.webp","https://opticaskairoz.com.mx/wp-content/uploads/2025/07/CLOE-VLE.40737.-3_resultado.webp"
"De Marca","VLE.41691","1","1","$3,800.00","15%","$3,230.00","DE MARCA","Lente oftálmico","VLE.41691","CLOE","Lente oftálmico","Negro","Agatada","Acetato","Acetato con metal","Sin clip","Transparente","Mediano","Puente anatomico","Lente, paño, estuche y líquido antirreflejante","30 días de garantía contra defectos de fábrica.","https://opticaskairoz.com.mx/wp-content/uploads/2025/07/CLOE-VLE.41691.-1_resultado.webp","https://opticaskairoz.com.mx/wp-content/uploads/2025/07/CLOE-VLE.41691.-2_resultado.webp","https://opticaskairoz.com.mx/wp-content/uploads/2025/07/CLOE-VLE.41691.-3_resultado.webp"
"De Marca","VLE.42626","1","1","$3,800.00","15%","$3,230.00","DE MARCA","Lente oftálmico","VLE.42626","CLOE","Lente oftálmico","Negro","Aviador corto","Metalico","Acetato con metal","Sin clip","Transparente","Mediano","Puente anatomico","Lente, paño, estuche y líquido antirreflejante","30 días de garantía contra defectos de fábrica.","https://opticaskairoz.com.mx/wp-content/uploads/2025/07/CLOE-VLE.42626.-1_resultado.webp","https://opticaskairoz.com.mx/wp-content/uploads/2025/07/CLOE-VLE.42626.-2_resultado.webp","https://opticaskairoz.com.mx/wp-content/uploads/2025/07/CLOE-VLE.42626.-3_resultado.webp"
"De Marca","VLE.51463","1","1","$3,800.00","15%","$3,230.00","DE MARCA","CON CLIP","VLE.51463","CLOE","CON CLIP","Rojo","Redondo","Acetato","Acetato","CON CLIP","Transparente","Mediano","Puente anatomico","Lente, paño, estuche y líquido antirreflejante","30 días de garantía contra defectos de fábrica.","","",""
"De Marca","VPV.W02YL","1","1","$5,999.00","15%","$5,099.15","DE MARCA","Lente oftálmico","VPV.W02YL","PINEDA COVALIN ","Lente oftálmico","plateado con  negro","obalado","metalico","metalico","Sin clip","Transparente","Mediano","hidrogel con tornillo","Lente, paño, estuche y líquido antirreflejante","30 días de garantía contra defectos de fábrica.","","",""
"De Marca","VPV.09131","1","1","$5,999.00","15%","$5,099.15","DE MARCA","Lente oftálmico","VPV.09131","PINEDA COVALIN ","Lente oftálmico","Rosa","obalado","metalico con contorno de acetato","metalico","Sin clip","Transparente","Mediano","hidrogel con tornillo","Lente, paño, estuche y líquido antirreflejante","30 días de garantía contra defectos de fábrica.","","",""
"De Marca","VPV.09157","2","2","$5,999.00","15%","$5,099.15","DE MARCA","Lente oftálmico","VPV.09157","PINEDA COVALIN ","Lente oftálmico","Rosa","cuadrado","acetato","metalico","Sin clip","Transparente","Mediano","hidrogel con tornillo","Lente, paño, estuche y líquido antirreflejante","30 días de garantía contra defectos de fábrica.","","",""
"De Marca","VPV.3W04Y","1","1","$5,999.00","15%","$5,099.15","DE MARCA","Lente oftálmico","VPV.3W04Y","PINEDA COVALIN ","Lente oftálmico","negro","cuadrado","acetato","metalico","Sin clip","Transparente","Mediano","puente anatomico","Lente, paño, estuche y líquido antirreflejante","30 días de garantía contra defectos de fábrica.","","",""
"De Marca","RB7217","1","1","$3,800.00","15%","$3,230.00","DE MARCA","Lente oftálmico","RB7217","RAYBAN","Lente oftálmico","Rojo ","Ovalado","Acetato","Acetato con Alma de aluminio","Sin clip","Transparente","Grande","Puente anatomico","Lente, paño, estuche y líquido antirreflejante","30 días de garantía contra defectos de fábrica.","","",""
"De Marca","RB5154","2","2","$3,600.00","15%","$3,060.00","DE MARCA","Lente oftálmico","RB5154","RAYBAN","Lente oftálmico","Dorado con bordes transparentes","Ovalado","Metalico y Acetato","Acetato con Alma de aluminio","Sin clip","Transparente","Mediano","Hidrogel de tornillo","Lente, paño, estuche y líquido antirreflejante","30 días de garantía contra defectos de fábrica.","","",""
"De Marca","RB7239","2","2","$3,600.00","15%","$3,060.00","DE MARCA","Lente oftálmico","RB7239","RAYBAN","Lente oftálmico","Transparente con alma metalica","Rectangular","Acetato ","Acetato con Alma de aluminio","Sin clip","Transparente","Mediano","Puente anatomico","Lente, paño, estuche y líquido antirreflejante","30 días de garantía contra defectos de fábrica.","https://opticaskairoz.com.mx/wp-content/uploads/2025/07/RAY-BAN-RB7239-1_resultado.webp","https://opticaskairoz.com.mx/wp-content/uploads/2025/07/RAY-BAN-RB7239-2_resultado.webp","https://opticaskairoz.com.mx/wp-content/uploads/2025/07/RAY-BAN-RB7239-3_resultado.webp"
"De Marca","RB3735V","1","1","$3,500.00","15%","$2,975.00","DE MARCA","Lente oftálmico","RB3735V","RAYBAN","Lente oftálmico","Plateado","Aviador reducido","Metalico","Metalico","Sin clip","Transparente","Mediano","Hidrogel de tornillo","Lente, paño, estuche y líquido antirreflejante","30 días de garantía contra defectos de fábrica.","https://opticaskairoz.com.mx/wp-content/uploads/2025/07/RAY-BAN-RB3735V-1_resultado.webp","https://opticaskairoz.com.mx/wp-content/uploads/2025/07/RAY-BAN-RB3735V-2_resultado.webp","https://opticaskairoz.com.mx/wp-content/uploads/2025/07/RAY-BAN-RB3735V-3_resultado.webp"
"De Marca","RB3447V","1","1","$3,300.00","15%","$2,805.00","DE MARCA","Lente oftálmico","RB3447V","RAYBAN","Lente oftálmico","Dorado","Circular","Metalico","Metalico","Sin clip","Transparente","Mediano","Hidrogel de tornillo","Lente, paño, estuche y líquido antirreflejante","30 días de garantía contra defectos de fábrica.","https://opticaskairoz.com.mx/wp-content/uploads/2025/07/RAY-BAN-RB3447V-1_resultado.webp","https://opticaskairoz.com.mx/wp-content/uploads/2025/07/RAY-BAN-RB3447V-2_resultado.webp","https://opticaskairoz.com.mx/wp-content/uploads/2025/07/RAY-BAN-RB3447V-3_resultado.webp"
"De Marca","RB2210","1","1","$5,750.00","15%","$4,887.50","DE MARCA","Lente oftálmico","RB2210","RAYBAN","Lente oftálmico","Negro","ovalado","Acetato","Acetato","Sin clip","Polarizada","Mediano","","Lente, paño, estuche y líquido antirreflejante","30 días de garantía contra defectos de fábrica.","https://opticaskairoz.com.mx/wp-content/uploads/2025/07/RAY-BAN-RB2210-1_resultado.webp","https://opticaskairoz.com.mx/wp-content/uploads/2025/07/RAY-BAN-RB2210-3_resultado.webp","https://opticaskairoz.com.mx/wp-content/uploads/2025/07/RAY-BAN-RB2210-2_resultado.webp"
"De Marca","RB2398","1","1","$6,250.00","15%","$5,312.50","DE MARCA","Lente oftálmico","RB2398","RAYBAN","Lente oftálmico","Transparente con negro","ovalado","Acetato","acetato","Sin clip","Transparente","Mediano","Puente anatomico","Lente, paño, estuche y líquido antirreflejante","30 días de garantía contra defectos de fábrica.","https://opticaskairoz.com.mx/wp-content/uploads/2025/07/RAY-BAN-RB2398-1_resultado.webp","https://opticaskairoz.com.mx/wp-content/uploads/2025/07/RAY-BAN-RB2398-2_resultado.webp","https://opticaskairoz.com.mx/wp-content/uploads/2025/07/RAY-BAN-RB2398-3_resultado.webp"
"De Marca","RB7074","1","1","$3,300.00","15%","$2,805.00","DE MARCA","Lente oftálmico","RB7074","RAYBAN","Lente oftálmico","Transparente","ovalado","Acetato","Acetato","Sin clip","Transparente","Mediano","Puente anatomico","Lente, paño, estuche y líquido antirreflejante","30 días de garantía contra defectos de fábrica.","","",""
"De Marca","RB5422","1","1","$3,300.00","15%","$2,805.00","DE MARCA","Lente oftálmico","RB5422","RAYBAN","Lente oftálmico","Degradado negro a transparente","Ovalado","Acetato","Acetato con Alma de aluminio","Sin clip","Transparente","Mediano","Puente anatomico","Lente, paño, estuche y líquido antirreflejante","30 días de garantía contra defectos de fábrica.","https://opticaskairoz.com.mx/wp-content/uploads/2025/07/RAY-BAN-RB5422-1_resultado.webp","https://opticaskairoz.com.mx/wp-content/uploads/2025/07/RAY-BAN-RB5422-2_resultado.webp","https://opticaskairoz.com.mx/wp-content/uploads/2025/07/RAY-BAN-RB5422-3_resultado.webp"
"De Marca","RB3547","1","1","$4,999.00","15%","$4,249.15","DE MARCA","SOLAR","RB3547","RAYBAN","SOLAR","Obalado","Hexagonal","Metalico","Metalico","Sin clip","Degradado","Mediano","Hidrogel de tornillo","Lente, paño, estuche y líquido antirreflejante","30 días de garantía contra defectos de fábrica.","https://opticaskairoz.com.mx/wp-content/uploads/2025/07/RAY-BAN-RB7074-1_resultado.webp","https://opticaskairoz.com.mx/wp-content/uploads/2025/07/RAY-BAN-RB7074-2_resultado.webp","https://opticaskairoz.com.mx/wp-content/uploads/2025/07/RAY-BAN-RB7074-3_resultado.webp"
"De Marca","RB3825","1","1","$5,999.00","15%","$5,099.15","DE MARCA","SOLAR","RB3825","RAYBAN","SOLAR","Dorado","Aviador","Metalico","Metalico","Sin clip","Polarizada","Mediano","Hidrogel de tornillo","Lente, paño, estuche y líquido antirreflejante","30 días de garantía contra defectos de fábrica.","https://opticaskairoz.com.mx/wp-content/uploads/2025/07/RAY-BAN-RB3825-1_resultado.webp","https://opticaskairoz.com.mx/wp-content/uploads/2025/07/RAY-BAN-RB3825-2_resultado.webp","https://opticaskairoz.com.mx/wp-content/uploads/2025/07/RAY-BAN-RB3825-3_resultado.webp"
"De Marca","RB4386","1","1","$5,999.00","15%","$5,099.15","DE MARCA","Lente oftálmico","RB4386","RAYBAN","Lente oftálmico","Negro","ovalado","Acetato","Acetato","Sin clip","Polarizada","Mediano","Puente anatomico","Lente, paño, estuche y líquido antirreflejante","30 días de garantía contra defectos de fábrica.","https://opticaskairoz.com.mx/wp-content/uploads/2025/07/RAY-BAN-RB4386-1_resultado.webp","https://opticaskairoz.com.mx/wp-content/uploads/2025/07/RAY-BAN-RB4386-2_resultado.webp","https://opticaskairoz.com.mx/wp-content/uploads/2025/07/RAY-BAN-RB4386-3_resultado.webp"
"De Marca","RBK1007","1","1","$1,700.00","10%","$1,530.00","DE MARCA","Lente oftálmico","RBK1007","REEBOK","Lente oftálmico","Negro","Cuadrado","Acetato","Acetato","Sin clip","Transparente","Mediano","Puente anatomico","Lente, paño, estuche y líquido antirreflejante","30 días de garantía contra defectos de fábrica.","","",""
"De Marca","VTO431","1","1","$5,200.00","15%","$4,420.00","DE MARCA","Lente oftálmico","VTO431","TOUS","Lente oftálmico","plateado con negro","obalado","metalico","metalico","Sin clip","Transparente","Mediano","hidrogel contornillo","Lente, paño, estuche y líquido antirreflejante","30 días de garantía contra defectos de fábrica.","","",""
"De Marca","VTOC01","2","2","$5,200.00","15%","$4,420.00","DE MARCA","Lente oftálmico","VTOC01","TOUS","Lente oftálmico","Rojo/Negro","obalado","acetato","acetato","Sin clip","Transparente","Mediano","puente anatomico","Lente, paño, estuche y líquido antirreflejante","30 días de garantía contra defectos de fábrica.","","",""
"De Marca","VTOC02","1","1","$5,200.00","15%","$4,420.00","DE MARCA","Lente oftálmico","VTOC02","TOUS","Lente oftálmico","Negro","rectangulo","acetato","metalico","Sin clip","Transparente","Mediano","puente anatomico","Lente, paño, estuche y líquido antirreflejante","30 días de garantía contra defectos de fábrica.","","",""
"","","","","","","","","","","","","","","","","","","","","","","","",""
"","","","","","","","","","","","","","","","","","","","","","","","",""
